<?xml version="1.0" encoding="utf-8" ?>
<dwsync>
<file name="aloop0.mp3" server="ftp.pphlinz.at//mm-ms/" local="127795032000000000" remote="130536976800000000" />
<file name="aloop1.mp3" server="ftp.pphlinz.at//mm-ms/" local="127795032000000000" remote="130536976800000000" />
<file name="aloop2.mp3" server="ftp.pphlinz.at//mm-ms/" local="127795032000000000" remote="130536976800000000" />
<file name="aloop3.mp3" server="ftp.pphlinz.at//mm-ms/" local="127795032000000000" remote="130536976800000000" />
<file name="aloop4.mp3" server="ftp.pphlinz.at//mm-ms/" local="127795032000000000" remote="130536976800000000" />
<file name="aloop5.mp3" server="ftp.pphlinz.at//mm-ms/" local="127795032000000000" remote="130536976800000000" />
<file name="aloop6.mp3" server="ftp.pphlinz.at//mm-ms/" local="127795032000000000" remote="130536976800000000" />
<file name="aloop7.mp3" server="ftp.pphlinz.at//mm-ms/" local="127795032000000000" remote="130536976800000000" />
<file name="aloop8.mp3" server="ftp.pphlinz.at//mm-ms/" local="127795032000000000" remote="130536976800000000" />
<file name="bloop0.mp3" server="ftp.pphlinz.at//mm-ms/" local="127795032000000000" remote="130536976800000000" />
<file name="bloop1.mp3" server="ftp.pphlinz.at//mm-ms/" local="127795032000000000" remote="130536976800000000" />
<file name="bloop2.mp3" server="ftp.pphlinz.at//mm-ms/" local="127795032000000000" remote="130536976800000000" />
<file name="bloop3.mp3" server="ftp.pphlinz.at//mm-ms/" local="127795032000000000" remote="130536976800000000" />
<file name="bloop4.mp3" server="ftp.pphlinz.at//mm-ms/" local="127795032000000000" remote="130536976800000000" />
<file name="bloop5.mp3" server="ftp.pphlinz.at//mm-ms/" local="127795032000000000" remote="130536976800000000" />
<file name="bloop6.mp3" server="ftp.pphlinz.at//mm-ms/" local="127795032000000000" remote="130536976800000000" />
<file name="bloop7.mp3" server="ftp.pphlinz.at//mm-ms/" local="127795032000000000" remote="130536976800000000" />
<file name="bloop8.mp3" server="ftp.pphlinz.at//mm-ms/" local="127795032000000000" remote="130536976800000000" />
<file name="bloop9_schnell.mp3" server="ftp.pphlinz.at//mm-ms/" local="127708240692968750" remote="130536976800000000" />
<file name="cs_100.mp3" server="ftp.pphlinz.at//mm-ms/" local="128114448697031250" remote="130536976800000000" />
<file name="cs_101.mp3" server="ftp.pphlinz.at//mm-ms/" local="128114448909843750" remote="130536976800000000" />
<file name="cs_102.mp3" server="ftp.pphlinz.at//mm-ms/" local="128114449095312500" remote="130536976800000000" />
<file name="cs_103.mp3" server="ftp.pphlinz.at//mm-ms/" local="128114449358906250" remote="130536976800000000" />
<file name="cs_104.mp3" server="ftp.pphlinz.at//mm-ms/" local="128114449579218750" remote="130536976800000000" />
<file name="cs_105.mp3" server="ftp.pphlinz.at//mm-ms/" local="128114449715625000" remote="130536976800000000" />
<file name="cs_106.mp3" server="ftp.pphlinz.at//mm-ms/" local="128122437620156250" remote="130536976800000000" />
<file name="cs_107.mp3" server="ftp.pphlinz.at//mm-ms/" local="128114450102187500" remote="130536976800000000" />
<file name="cs_108.mp3" server="ftp.pphlinz.at//mm-ms/" local="128114450271093750" remote="130536976800000000" />
<file name="cs_109.mp3" server="ftp.pphlinz.at//mm-ms/" local="128561421549563750" remote="130536976800000000" />
<file name="cs_110.mp3" server="ftp.pphlinz.at//mm-ms/" local="128114450642812500" remote="130536976800000000" />
<file name="cs_111.mp3" server="ftp.pphlinz.at//mm-ms/" local="128114450807031250" remote="130536976800000000" />
<file name="cs_112.mp3" server="ftp.pphlinz.at//mm-ms/" local="128114451029375000" remote="130536976800000000" />
<file name="cs_113.mp3" server="ftp.pphlinz.at//mm-ms/" local="128114451197031250" remote="130536976800000000" />
<file name="cs_114.mp3" server="ftp.pphlinz.at//mm-ms/" local="128122437190937500" remote="130536976800000000" />
<file name="cs_115.mp3" server="ftp.pphlinz.at//mm-ms/" local="128561421609876250" remote="130536976800000000" />
<file name="cs_116.mp3" server="ftp.pphlinz.at//mm-ms/" local="128561421665657500" remote="130536976800000000" />
<file name="cs_117.mp3" server="ftp.pphlinz.at//mm-ms/" local="128561421686438750" remote="130536976800000000" />
<file name="cs_118.mp3" server="ftp.pphlinz.at//mm-ms/" local="128561421708001250" remote="130536976800000000" />
<file name="cs_119.mp3" server="ftp.pphlinz.at//mm-ms/" local="128561421730970000" remote="130536976800000000" />
<file name="cs_120.mp3" server="ftp.pphlinz.at//mm-ms/" local="128114453344687500" remote="130536976800000000" />
<file name="cs_121.mp3" server="ftp.pphlinz.at//mm-ms/" local="128114453523750000" remote="130536976800000000" />
<file name="cs_122.mp3" server="ftp.pphlinz.at//mm-ms/" local="128114453746406250" remote="130536976800000000" />
<file name="cs_123.mp3" server="ftp.pphlinz.at//mm-ms/" local="128561421331907500" remote="130536976800000000" />
<file name="cs_124.mp3" server="ftp.pphlinz.at//mm-ms/" local="128122439180625000" remote="130536976800000000" />
<file name="cs_125.mp3" server="ftp.pphlinz.at//mm-ms/" local="128114492237656250" remote="130536976800000000" />
<file name="cs_126.mp3" server="ftp.pphlinz.at//mm-ms/" local="128114469454843750" remote="130536977400000000" />
<file name="cs_128.mp3" server="ftp.pphlinz.at//mm-ms/" local="128114473557500000" remote="130536977400000000" />
<file name="cs_13.mp3" server="ftp.pphlinz.at//mm-ms/" local="128122445686875000" remote="130536977400000000" />
<file name="cs_167.mp3" server="ftp.pphlinz.at//mm-ms/" local="128114462405937500" remote="130536977400000000" />
<file name="cs_172.mp3" server="ftp.pphlinz.at//mm-ms/" local="128114473557500000" remote="130536977400000000" />
<file name="cs_176.mp3" server="ftp.pphlinz.at//mm-ms/" local="128122440357187500" remote="130536977400000000" />
<file name="cs_180.mp3" server="ftp.pphlinz.at//mm-ms/" local="128122440615312500" remote="130536977400000000" />
<file name="cs_223.mp3" server="ftp.pphlinz.at//mm-ms/" local="128122441681875000" remote="130536977400000000" />
<file name="cs_228.mp3" server="ftp.pphlinz.at//mm-ms/" local="128122439695625000" remote="130536977400000000" />
<file name="cs_246.mp3" server="ftp.pphlinz.at//mm-ms/" local="128114458291562500" remote="130536977400000000" />
<file name="cs_252.mp3" server="ftp.pphlinz.at//mm-ms/" local="128122438421875000" remote="130536977400000000" />
<file name="cs_32.mp3" server="ftp.pphlinz.at//mm-ms/" local="128122441893906250" remote="130536977400000000" />
<file name="cs_33.mp3" server="ftp.pphlinz.at//mm-ms/" local="128114460805312500" remote="130536977400000000" />
<file name="cs_34.mp3" server="ftp.pphlinz.at//mm-ms/" local="128114461133437500" remote="130536977400000000" />
<file name="cs_35.mp3" server="ftp.pphlinz.at//mm-ms/" local="128114469678750000" remote="130536977400000000" />
<file name="cs_36.mp3" server="ftp.pphlinz.at//mm-ms/" local="128114463308281250" remote="130536977400000000" />
<file name="cs_37.mp3" server="ftp.pphlinz.at//mm-ms/" local="128114463685468750" remote="130536977400000000" />
<file name="cs_38.mp3" server="ftp.pphlinz.at//mm-ms/" local="128114464269843750" remote="130536977400000000" />
<file name="cs_39.mp3" server="ftp.pphlinz.at//mm-ms/" local="128114466754531250" remote="130536977400000000" />
<file name="cs_40.mp3" server="ftp.pphlinz.at//mm-ms/" local="128122442155000000" remote="130536977400000000" />
<file name="cs_41.mp3" server="ftp.pphlinz.at//mm-ms/" local="128122442314843750" remote="130536977400000000" />
<file name="cs_42.mp3" server="ftp.pphlinz.at//mm-ms/" local="128122442541406250" remote="130536977400000000" />
<file name="cs_43.mp3" server="ftp.pphlinz.at//mm-ms/" local="128114469109531250" remote="130536977400000000" />
<file name="cs_44.mp3" server="ftp.pphlinz.at//mm-ms/" local="128114471881562500" remote="130536977400000000" />
<file name="cs_45.mp3" server="ftp.pphlinz.at//mm-ms/" local="128561421247688750" remote="130536977400000000" />
<file name="cs_46.mp3" server="ftp.pphlinz.at//mm-ms/" local="128114471123906250" remote="130536977400000000" />
<file name="cs_47.mp3" server="ftp.pphlinz.at//mm-ms/" local="128114464871562500" remote="130536977400000000" />
<file name="cs_48.mp3" server="ftp.pphlinz.at//mm-ms/" local="128114454365625000" remote="130536977400000000" />
<file name="cs_49.mp3" server="ftp.pphlinz.at//mm-ms/" local="128114454590312500" remote="130536977400000000" />
<file name="cs_50.mp3" server="ftp.pphlinz.at//mm-ms/" local="128114454747812500" remote="130536977400000000" />
<file name="cs_51.mp3" server="ftp.pphlinz.at//mm-ms/" local="128114454924375000" remote="130536977400000000" />
<file name="cs_52.mp3" server="ftp.pphlinz.at//mm-ms/" local="128114455195937500" remote="130536977400000000" />
<file name="cs_53.mp3" server="ftp.pphlinz.at//mm-ms/" local="128114455371562500" remote="130536977400000000" />
<file name="cs_54.mp3" server="ftp.pphlinz.at//mm-ms/" local="128114455617031250" remote="130536977400000000" />
<file name="cs_55.mp3" server="ftp.pphlinz.at//mm-ms/" local="128114455816562500" remote="130536977400000000" />
<file name="cs_56.mp3" server="ftp.pphlinz.at//mm-ms/" local="128114455992968750" remote="130536977400000000" />
<file name="cs_57.mp3" server="ftp.pphlinz.at//mm-ms/" local="128561421042376250" remote="130536977400000000" />
<file name="cs_58.mp3" server="ftp.pphlinz.at//mm-ms/" local="128114471450625000" remote="130536977400000000" />
<file name="cs_59.mp3" server="ftp.pphlinz.at//mm-ms/" local="128114502138750000" remote="130536977400000000" />
<file name="cs_60.mp3" server="ftp.pphlinz.at//mm-ms/" local="128114472494062500" remote="130536977400000000" />
<file name="cs_61.mp3" server="ftp.pphlinz.at//mm-ms/" local="128114466289687500" remote="130536977400000000" />
<file name="cs_62.mp3" server="ftp.pphlinz.at//mm-ms/" local="128114472687343750" remote="130536977400000000" />
<file name="cs_63.mp3" server="ftp.pphlinz.at//mm-ms/" local="128114466508437500" remote="130536977400000000" />
<file name="cs_64.mp3" server="ftp.pphlinz.at//mm-ms/" local="128114473014375000" remote="130536977400000000" />
<file name="cs_8.mp3" server="ftp.pphlinz.at//mm-ms/" local="128114474957500000" remote="130536977400000000" />
<file name="cs_8364.mp3" server="ftp.pphlinz.at//mm-ms/" local="128114473557500000" remote="130536977400000000" />
<file name="cs_9.mp3" server="ftp.pphlinz.at//mm-ms/" local="128122442805312500" remote="130536977400000000" />
<file name="cs_91.mp3" server="ftp.pphlinz.at//mm-ms/" local="128114467070468750" remote="130536977400000000" />
<file name="cs_92.mp3" server="ftp.pphlinz.at//mm-ms/" local="128114467853750000" remote="130536977400000000" />
<file name="cs_93.mp3" server="ftp.pphlinz.at//mm-ms/" local="128561421444407500" remote="130536977400000000" />
<file name="cs_94.mp3" server="ftp.pphlinz.at//mm-ms/" local="127795032000000000" remote="130536977400000000" />
<file name="cs_95.mp3" server="ftp.pphlinz.at//mm-ms/" local="128114470962031250" remote="130536977400000000" />
<file name="cs_96.mp3" server="ftp.pphlinz.at//mm-ms/" local="128122441237812500" remote="130536977400000000" />
<file name="cs_97.mp3" server="ftp.pphlinz.at//mm-ms/" local="128114447909843750" remote="130536977400000000" />
<file name="cs_98.mp3" server="ftp.pphlinz.at//mm-ms/" local="128114448155000000" remote="130536977400000000" />
<file name="cs_99.mp3" server="ftp.pphlinz.at//mm-ms/" local="128114448449062500" remote="130536977400000000" />
<file name="cs_alt.mp3" server="ftp.pphlinz.at//mm-ms/" local="128114474716562500" remote="130536977400000000" />
<file name="cs_bestaetigen.mp3" server="ftp.pphlinz.at//mm-ms/" local="128114475151250000" remote="130536977400000000" />
<file name="cs_escape.mp3" server="ftp.pphlinz.at//mm-ms/" local="128114475763593750" remote="130536977400000000" />
<file name="cs_loeschen.mp3" server="ftp.pphlinz.at//mm-ms/" local="128114474957500000" remote="130536977400000000" />
<file name="cs_mal.mp3" server="ftp.pphlinz.at//mm-ms/" local="128114468932656250" remote="130536977400000000" />
<file name="cs_shift.mp3" server="ftp.pphlinz.at//mm-ms/" local="128114475283437500" remote="130536977400000000" />
<file name="cs_steuerung.mp3" server="ftp.pphlinz.at//mm-ms/" local="128114474560937500" remote="130536977400000000" />
<file name="cs_strg.mp3" server="ftp.pphlinz.at//mm-ms/" local="128114475532656250" remote="130536977400000000" />
<file name="cs_umschalt.mp3" server="ftp.pphlinz.at//mm-ms/" local="128114474293750000" remote="130536977400000000" />
<file name="ds_100.mp3" server="ftp.pphlinz.at//mm-ms/" local="128114448697031250" remote="130536977400000000" />
<file name="ds_101.mp3" server="ftp.pphlinz.at//mm-ms/" local="128114448909843750" remote="130536977400000000" />
<file name="ds_102.mp3" server="ftp.pphlinz.at//mm-ms/" local="128114449095312500" remote="130536977400000000" />
<file name="ds_103.mp3" server="ftp.pphlinz.at//mm-ms/" local="128114449358906250" remote="130536977400000000" />
<file name="ds_104.mp3" server="ftp.pphlinz.at//mm-ms/" local="128114449579218750" remote="130536977400000000" />
<file name="ds_105.mp3" server="ftp.pphlinz.at//mm-ms/" local="128114449715625000" remote="130536977400000000" />
<file name="ds_106.mp3" server="ftp.pphlinz.at//mm-ms/" local="128122437620156250" remote="130536977400000000" />
<file name="ds_107.mp3" server="ftp.pphlinz.at//mm-ms/" local="128114450102187500" remote="130536977400000000" />
<file name="ds_108.mp3" server="ftp.pphlinz.at//mm-ms/" local="128114450271093750" remote="130536977400000000" />
<file name="ds_109.mp3" server="ftp.pphlinz.at//mm-ms/" local="128561421549563750" remote="130536977400000000" />
<file name="ds_110.mp3" server="ftp.pphlinz.at//mm-ms/" local="128114450642812500" remote="130536977400000000" />
<file name="ds_111.mp3" server="ftp.pphlinz.at//mm-ms/" local="128114450807031250" remote="130536977400000000" />
<file name="ds_112.mp3" server="ftp.pphlinz.at//mm-ms/" local="128114451029375000" remote="130536977400000000" />
<file name="ds_113.mp3" server="ftp.pphlinz.at//mm-ms/" local="128114451197031250" remote="130536977400000000" />
<file name="ds_114.mp3" server="ftp.pphlinz.at//mm-ms/" local="128122437190937500" remote="130536977400000000" />
<file name="ds_115.mp3" server="ftp.pphlinz.at//mm-ms/" local="128561421609876250" remote="130536977400000000" />
<file name="ds_116.mp3" server="ftp.pphlinz.at//mm-ms/" local="128561421665657500" remote="130536977400000000" />
<file name="ds_117.mp3" server="ftp.pphlinz.at//mm-ms/" local="128561421686438750" remote="130536977400000000" />
<file name="ds_118.mp3" server="ftp.pphlinz.at//mm-ms/" local="128561421708001250" remote="130536977400000000" />
<file name="ds_119.mp3" server="ftp.pphlinz.at//mm-ms/" local="128561421730970000" remote="130536977400000000" />
<file name="ds_120.mp3" server="ftp.pphlinz.at//mm-ms/" local="128114453344687500" remote="130536977400000000" />
<file name="ds_121.mp3" server="ftp.pphlinz.at//mm-ms/" local="128114453523750000" remote="130536977400000000" />
<file name="ds_122.mp3" server="ftp.pphlinz.at//mm-ms/" local="128114453746406250" remote="130536977400000000" />
<file name="ds_123.mp3" server="ftp.pphlinz.at//mm-ms/" local="128561421331907500" remote="130536977400000000" />
<file name="ds_124.mp3" server="ftp.pphlinz.at//mm-ms/" local="128122439180625000" remote="130536977400000000" />
<file name="ds_125.mp3" server="ftp.pphlinz.at//mm-ms/" local="128114492237656250" remote="130536977400000000" />
<file name="ds_126.mp3" server="ftp.pphlinz.at//mm-ms/" local="128114469454843750" remote="130536977400000000" />
<file name="ds_128.mp3" server="ftp.pphlinz.at//mm-ms/" local="128114473557500000" remote="130536977400000000" />
<file name="ds_13.mp3" server="ftp.pphlinz.at//mm-ms/" local="128122445686875000" remote="130536977400000000" />
<file name="ds_167.mp3" server="ftp.pphlinz.at//mm-ms/" local="128114462405937500" remote="130536977400000000" />
<file name="ds_172.mp3" server="ftp.pphlinz.at//mm-ms/" local="128114473557500000" remote="130536977400000000" />
<file name="ds_176.mp3" server="ftp.pphlinz.at//mm-ms/" local="128122440357187500" remote="130536977400000000" />
<file name="ds_180.mp3" server="ftp.pphlinz.at//mm-ms/" local="128122440615312500" remote="130536977400000000" />
<file name="ds_223.mp3" server="ftp.pphlinz.at//mm-ms/" local="128122441681875000" remote="130536977400000000" />
<file name="ds_228.mp3" server="ftp.pphlinz.at//mm-ms/" local="128122439695625000" remote="130536977400000000" />
<file name="ds_246.mp3" server="ftp.pphlinz.at//mm-ms/" local="128114458291562500" remote="130536977400000000" />
<file name="ds_252.mp3" server="ftp.pphlinz.at//mm-ms/" local="128122438421875000" remote="130536977400000000" />
<file name="ds_32.mp3" server="ftp.pphlinz.at//mm-ms/" local="128122441893906250" remote="130536977400000000" />
<file name="ds_33.mp3" server="ftp.pphlinz.at//mm-ms/" local="128114460805312500" remote="130536977400000000" />
<file name="ds_34.mp3" server="ftp.pphlinz.at//mm-ms/" local="128114461133437500" remote="130536977400000000" />
<file name="ds_35.mp3" server="ftp.pphlinz.at//mm-ms/" local="128114469678750000" remote="130536977400000000" />
<file name="ds_36.mp3" server="ftp.pphlinz.at//mm-ms/" local="128114463308281250" remote="130536977400000000" />
<file name="ds_37.mp3" server="ftp.pphlinz.at//mm-ms/" local="128114463685468750" remote="130536977400000000" />
<file name="ds_38.mp3" server="ftp.pphlinz.at//mm-ms/" local="128114464269843750" remote="130536977400000000" />
<file name="ds_39.mp3" server="ftp.pphlinz.at//mm-ms/" local="128114466754531250" remote="130536977400000000" />
<file name="ds_40.mp3" server="ftp.pphlinz.at//mm-ms/" local="128122442155000000" remote="130536977400000000" />
<file name="ds_41.mp3" server="ftp.pphlinz.at//mm-ms/" local="128122442314843750" remote="130536977400000000" />
<file name="ds_42.mp3" server="ftp.pphlinz.at//mm-ms/" local="128122442541406250" remote="130536977400000000" />
<file name="ds_43.mp3" server="ftp.pphlinz.at//mm-ms/" local="128114469109531250" remote="130536977400000000" />
<file name="ds_44.mp3" server="ftp.pphlinz.at//mm-ms/" local="128114471881562500" remote="130536977400000000" />
<file name="ds_45.mp3" server="ftp.pphlinz.at//mm-ms/" local="128561421247688750" remote="130536977400000000" />
<file name="ds_46.mp3" server="ftp.pphlinz.at//mm-ms/" local="128114471123906250" remote="130536977400000000" />
<file name="ds_47.mp3" server="ftp.pphlinz.at//mm-ms/" local="128114464871562500" remote="130536977400000000" />
<file name="ds_48.mp3" server="ftp.pphlinz.at//mm-ms/" local="128114454365625000" remote="130536977400000000" />
<file name="ds_49.mp3" server="ftp.pphlinz.at//mm-ms/" local="128114454590312500" remote="130536977400000000" />
<file name="ds_50.mp3" server="ftp.pphlinz.at//mm-ms/" local="128114454747812500" remote="130536977400000000" />
<file name="ds_51.mp3" server="ftp.pphlinz.at//mm-ms/" local="128114454924375000" remote="130536977400000000" />
<file name="ds_52.mp3" server="ftp.pphlinz.at//mm-ms/" local="128114455195937500" remote="130536977400000000" />
<file name="ds_53.mp3" server="ftp.pphlinz.at//mm-ms/" local="128114455371562500" remote="130536977400000000" />
<file name="ds_54.mp3" server="ftp.pphlinz.at//mm-ms/" local="128114455617031250" remote="130536977400000000" />
<file name="ds_55.mp3" server="ftp.pphlinz.at//mm-ms/" local="128114455816562500" remote="130536977400000000" />
<file name="ds_56.mp3" server="ftp.pphlinz.at//mm-ms/" local="128114455992968750" remote="130536977400000000" />
<file name="ds_57.mp3" server="ftp.pphlinz.at//mm-ms/" local="128561421042376250" remote="130536977400000000" />
<file name="ds_58.mp3" server="ftp.pphlinz.at//mm-ms/" local="128114471450625000" remote="130536977400000000" />
<file name="ds_59.mp3" server="ftp.pphlinz.at//mm-ms/" local="128114502138750000" remote="130536977400000000" />
<file name="ds_60.mp3" server="ftp.pphlinz.at//mm-ms/" local="128114472494062500" remote="130536977400000000" />
<file name="ds_61.mp3" server="ftp.pphlinz.at//mm-ms/" local="128114466289687500" remote="130536977400000000" />
<file name="ds_62.mp3" server="ftp.pphlinz.at//mm-ms/" local="128114472687343750" remote="130536977400000000" />
<file name="ds_63.mp3" server="ftp.pphlinz.at//mm-ms/" local="128114466508437500" remote="130536977400000000" />
<file name="ds_64.mp3" server="ftp.pphlinz.at//mm-ms/" local="128114473014375000" remote="130536977400000000" />
<file name="ds_8.mp3" server="ftp.pphlinz.at//mm-ms/" local="128114474957500000" remote="130536977400000000" />
<file name="ds_8364.mp3" server="ftp.pphlinz.at//mm-ms/" local="128114473557500000" remote="130536977400000000" />
<file name="ds_9.mp3" server="ftp.pphlinz.at//mm-ms/" local="128122442805312500" remote="130536977400000000" />
<file name="ds_91.mp3" server="ftp.pphlinz.at//mm-ms/" local="128114467070468750" remote="130536977400000000" />
<file name="ds_92.mp3" server="ftp.pphlinz.at//mm-ms/" local="128114467853750000" remote="130536977400000000" />
<file name="ds_93.mp3" server="ftp.pphlinz.at//mm-ms/" local="128561421444407500" remote="130536977400000000" />
<file name="ds_94.mp3" server="ftp.pphlinz.at//mm-ms/" local="127795032000000000" remote="130536977400000000" />
<file name="ds_95.mp3" server="ftp.pphlinz.at//mm-ms/" local="128114470962031250" remote="130536977400000000" />
<file name="ds_96.mp3" server="ftp.pphlinz.at//mm-ms/" local="128122441237812500" remote="130536977400000000" />
<file name="ds_97.mp3" server="ftp.pphlinz.at//mm-ms/" local="128114447909843750" remote="130536977400000000" />
<file name="ds_98.mp3" server="ftp.pphlinz.at//mm-ms/" local="128114448155000000" remote="130536977400000000" />
<file name="ds_99.mp3" server="ftp.pphlinz.at//mm-ms/" local="128114448449062500" remote="130536977400000000" />
<file name="ds_alt.mp3" server="ftp.pphlinz.at//mm-ms/" local="128114474716562500" remote="130536977400000000" />
<file name="ds_bestaetigen.mp3" server="ftp.pphlinz.at//mm-ms/" local="128114475151250000" remote="130536977400000000" />
<file name="ds_escape.mp3" server="ftp.pphlinz.at//mm-ms/" local="128114475763593750" remote="130536977400000000" />
<file name="ds_loeschen.mp3" server="ftp.pphlinz.at//mm-ms/" local="128114474957500000" remote="130536977400000000" />
<file name="ds_mal.mp3" server="ftp.pphlinz.at//mm-ms/" local="128114468932656250" remote="130536977400000000" />
<file name="ds_shift.mp3" server="ftp.pphlinz.at//mm-ms/" local="128114475283437500" remote="130536977400000000" />
<file name="ds_steuerung.mp3" server="ftp.pphlinz.at//mm-ms/" local="128114474560937500" remote="130536977400000000" />
<file name="ds_strg.mp3" server="ftp.pphlinz.at//mm-ms/" local="128114475532656250" remote="130536977400000000" />
<file name="ds_umschalt.mp3" server="ftp.pphlinz.at//mm-ms/" local="128114474293750000" remote="130536977400000000" />
<file name="e_lektion.mp3" server="ftp.pphlinz.at//mm-ms/" local="127795032000000000" remote="130536977400000000" />
<file name="e_uebung.mp3" server="ftp.pphlinz.at//mm-ms/" local="127795032000000000" remote="130536977400000000" />
<file name="farbe_0.mp3" server="ftp.pphlinz.at//mm-ms/" local="127795032000000000" remote="130536977400000000" />
<file name="farbe_1.mp3" server="ftp.pphlinz.at//mm-ms/" local="127795032000000000" remote="130536977400000000" />
<file name="farbe_2.mp3" server="ftp.pphlinz.at//mm-ms/" local="127795032000000000" remote="130536977400000000" />
<file name="farbe_3.mp3" server="ftp.pphlinz.at//mm-ms/" local="127795032000000000" remote="130536977400000000" />
<file name="farbe_4.mp3" server="ftp.pphlinz.at//mm-ms/" local="127795032000000000" remote="130536977400000000" />
<file name="finger_0.mp3" server="ftp.pphlinz.at//mm-ms/" local="127795032000000000" remote="130536977400000000" />
<file name="finger_1.mp3" server="ftp.pphlinz.at//mm-ms/" local="127795032000000000" remote="130536977400000000" />
<file name="finger_2.mp3" server="ftp.pphlinz.at//mm-ms/" local="127795032000000000" remote="130536977400000000" />
<file name="finger_3.mp3" server="ftp.pphlinz.at//mm-ms/" local="127795032000000000" remote="130536977400000000" />
<file name="finger_4.mp3" server="ftp.pphlinz.at//mm-ms/" local="127795032000000000" remote="130536977400000000" />
<file name="fs_100.mp3" server="ftp.pphlinz.at//mm-ms/" local="129567740395897499" remote="130536977400000000" />
<file name="fs_101.mp3" server="ftp.pphlinz.at//mm-ms/" local="129567740397357582" remote="130536977400000000" />
<file name="fs_102.mp3" server="ftp.pphlinz.at//mm-ms/" local="129567740398697659" remote="130536977400000000" />
<file name="fs_103.mp3" server="ftp.pphlinz.at//mm-ms/" local="129567740399717717" remote="130536977400000000" />
<file name="fs_104.mp3" server="ftp.pphlinz.at//mm-ms/" local="129567740400327752" remote="130536977400000000" />
<file name="fs_105.mp3" server="ftp.pphlinz.at//mm-ms/" local="129567740400777778" remote="130536977400000000" />
<file name="fs_106.mp3" server="ftp.pphlinz.at//mm-ms/" local="129567740402027849" remote="130536977400000000" />
<file name="fs_107.mp3" server="ftp.pphlinz.at//mm-ms/" local="129567740402757891" remote="130536977400000000" />
<file name="fs_108.mp3" server="ftp.pphlinz.at//mm-ms/" local="129567740405938073" remote="130536977400000000" />
<file name="fs_109.mp3" server="ftp.pphlinz.at//mm-ms/" local="129567740406978133" remote="130536977400000000" />
<file name="fs_110.mp3" server="ftp.pphlinz.at//mm-ms/" local="129567740407628170" remote="130536977400000000" />
<file name="fs_111.mp3" server="ftp.pphlinz.at//mm-ms/" local="129567740409148257" remote="130536977400000000" />
<file name="fs_112.mp3" server="ftp.pphlinz.at//mm-ms/" local="129567740410778350" remote="130536977400000000" />
<file name="fs_113.mp3" server="ftp.pphlinz.at//mm-ms/" local="129567740412158429" remote="130536977400000000" />
<file name="fs_114.mp3" server="ftp.pphlinz.at//mm-ms/" local="129567740412698460" remote="130536977400000000" />
<file name="fs_115.mp3" server="ftp.pphlinz.at//mm-ms/" local="129567740413988534" remote="130536977400000000" />
<file name="fs_116.mp3" server="ftp.pphlinz.at//mm-ms/" local="129567740416148657" remote="130536977400000000" />
<file name="fs_117.mp3" server="ftp.pphlinz.at//mm-ms/" local="129567740416988705" remote="130536977400000000" />
<file name="fs_118.mp3" server="ftp.pphlinz.at//mm-ms/" local="129567740418458789" remote="130536977400000000" />
<file name="fs_119.mp3" server="ftp.pphlinz.at//mm-ms/" local="129567740419178830" remote="130536977400000000" />
<file name="fs_120.mp3" server="ftp.pphlinz.at//mm-ms/" local="129567740419828868" remote="130536977400000000" />
<file name="fs_121.mp3" server="ftp.pphlinz.at//mm-ms/" local="129567740420098883" remote="130536977400000000" />
<file name="fs_122.mp3" server="ftp.pphlinz.at//mm-ms/" local="129567740420358898" remote="130536977400000000" />
<file name="fs_128.mp3" server="ftp.pphlinz.at//mm-ms/" local="129567740398247633" remote="130536977400000000" />
<file name="fs_167.mp3" server="ftp.pphlinz.at//mm-ms/" local="129567740411218375" remote="130536977400000000" />
<file name="fs_172.mp3" server="ftp.pphlinz.at//mm-ms/" local="129567740398247633" remote="130536977400000000" />
<file name="fs_223.mp3" server="ftp.pphlinz.at//mm-ms/" local="129567740414458560" remote="130536977400000000" />
<file name="fs_228.mp3" server="ftp.pphlinz.at//mm-ms/" local="129567740391317237" remote="130536977400000000" />
<file name="fs_246.mp3" server="ftp.pphlinz.at//mm-ms/" local="129567740409368269" remote="130536977400000000" />
<file name="fs_252.mp3" server="ftp.pphlinz.at//mm-ms/" local="129567740417388728" remote="130536977400000000" />
<file name="fs_32.mp3" server="ftp.pphlinz.at//mm-ms/" local="129567740406678115" remote="130536977400000000" />
<file name="fs_33.mp3" server="ftp.pphlinz.at//mm-ms/" local="129567740413328496" remote="130536977400000000" />
<file name="fs_36.mp3" server="ftp.pphlinz.at//mm-ms/" local="129567740396557537" remote="130536977400000000" />
<file name="fs_37.mp3" server="ftp.pphlinz.at//mm-ms/" local="129567740411518392" remote="130536977400000000" />
<file name="fs_39.mp3" server="ftp.pphlinz.at//mm-ms/" local="129567740399067680" remote="130536977400000000" />
<file name="fs_40.mp3" server="ftp.pphlinz.at//mm-ms/" local="129567740413618512" remote="130536977400000000" />
<file name="fs_41.mp3" server="ftp.pphlinz.at//mm-ms/" local="129567740413788522" remote="130536977400000000" />
<file name="fs_43.mp3" server="ftp.pphlinz.at//mm-ms/" local="129567740418318781" remote="130536977400000000" />
<file name="fs_44.mp3" server="ftp.pphlinz.at//mm-ms/" local="129567740405198031" remote="130536977400000000" />
<file name="fs_45.mp3" server="ftp.pphlinz.at//mm-ms/" local="129567740392897327" remote="130536978000000000" />
<file name="fs_46.mp3" server="ftp.pphlinz.at//mm-ms/" local="129567740411688402" remote="130536978000000000" />
<file name="fs_47.mp3" server="ftp.pphlinz.at//mm-ms/" local="129567740414688574" remote="130536978000000000" />
<file name="fs_48.mp3" server="ftp.pphlinz.at//mm-ms/" local="129567740408898242" remote="130536978000000000" />
<file name="fs_49.mp3" server="ftp.pphlinz.at//mm-ms/" local="129567740397487590" remote="130536978000000000" />
<file name="fs_50.mp3" server="ftp.pphlinz.at//mm-ms/" local="129567740420998934" remote="130536978000000000" />
<file name="fs_51.mp3" server="ftp.pphlinz.at//mm-ms/" local="129567740397217574" remote="130536978000000000" />
<file name="fs_52.mp3" server="ftp.pphlinz.at//mm-ms/" local="129567740418588797" remote="130536978000000000" />
<file name="fs_53.mp3" server="ftp.pphlinz.at//mm-ms/" local="129567740399507705" remote="130536978000000000" />
<file name="fs_54.mp3" server="ftp.pphlinz.at//mm-ms/" local="129567740414858583" remote="130536978000000000" />
<file name="fs_55.mp3" server="ftp.pphlinz.at//mm-ms/" local="129567740415398614" remote="130536978000000000" />
<file name="fs_56.mp3" server="ftp.pphlinz.at//mm-ms/" local="129567740391697259" remote="130536978000000000" />
<file name="fs_57.mp3" server="ftp.pphlinz.at//mm-ms/" local="129567740408118198" remote="130536978000000000" />
<file name="fs_58.mp3" server="ftp.pphlinz.at//mm-ms/" local="129567740397047565" remote="130536978000000000" />
<file name="fs_59.mp3" server="ftp.pphlinz.at//mm-ms/" local="129567740415998648" remote="130536978000000000" />
<file name="fs_61.mp3" server="ftp.pphlinz.at//mm-ms/" local="129567740401767835" remote="130536978000000000" />
<file name="fs_64.mp3" server="ftp.pphlinz.at//mm-ms/" local="129567740398077623" remote="130536978000000000" />
<file name="fs_8364.mp3" server="ftp.pphlinz.at//mm-ms/" local="129567740398247633" remote="130536978000000000" />
<file name="fs_95.mp3" server="ftp.pphlinz.at//mm-ms/" local="129567740392897327" remote="130536978000000000" />
<file name="fs_97.mp3" server="ftp.pphlinz.at//mm-ms/" local="129567740391177229" remote="130536978000000000" />
<file name="fs_98.mp3" server="ftp.pphlinz.at//mm-ms/" local="129567740392677315" remote="130536978000000000" />
<file name="fs_99.mp3" server="ftp.pphlinz.at//mm-ms/" local="129567740393787378" remote="130536978000000000" />
<file name="hand_0.mp3" server="ftp.pphlinz.at//mm-ms/" local="127795032000000000" remote="130536978000000000" />
<file name="hand_1.mp3" server="ftp.pphlinz.at//mm-ms/" local="127795032000000000" remote="130536978000000000" />
<file name="reihe_0.mp3" server="ftp.pphlinz.at//mm-ms/" local="127795032000000000" remote="130536978000000000" />
<file name="reihe_1.mp3" server="ftp.pphlinz.at//mm-ms/" local="127795032000000000" remote="130536978000000000" />
<file name="reihe_2.mp3" server="ftp.pphlinz.at//mm-ms/" local="127795032000000000" remote="130536978000000000" />
<file name="reihe_3.mp3" server="ftp.pphlinz.at//mm-ms/" local="127795032000000000" remote="130536978000000000" />
<file name="reihe_4.mp3" server="ftp.pphlinz.at//mm-ms/" local="127795032000000000" remote="130536978000000000" />
<file name="richt_0.mp3" server="ftp.pphlinz.at//mm-ms/" local="127795032000000000" remote="130536978000000000" />
<file name="richt_1.mp3" server="ftp.pphlinz.at//mm-ms/" local="127795032000000000" remote="130536978000000000" />
<file name="richt_2.mp3" server="ftp.pphlinz.at//mm-ms/" local="127795032000000000" remote="130536978000000000" />
<file name="s_100.mp3" server="ftp.pphlinz.at//mm-ms/" local="127795032000000000" remote="130536978000000000" />
<file name="s_101.mp3" server="ftp.pphlinz.at//mm-ms/" local="127795032000000000" remote="130536978000000000" />
<file name="s_102.mp3" server="ftp.pphlinz.at//mm-ms/" local="128114419891562500" remote="130536978000000000" />
<file name="s_103.mp3" server="ftp.pphlinz.at//mm-ms/" local="128114419894843750" remote="130536978000000000" />
<file name="s_104.mp3" server="ftp.pphlinz.at//mm-ms/" local="128114418297500000" remote="130536978000000000" />
<file name="s_105.mp3" server="ftp.pphlinz.at//mm-ms/" local="128114419898125000" remote="130536978000000000" />
<file name="s_106.mp3" server="ftp.pphlinz.at//mm-ms/" local="128114442423125000" remote="130536978000000000" />
<file name="s_107.mp3" server="ftp.pphlinz.at//mm-ms/" local="128128957767343750" remote="130536978000000000" />
<file name="s_108.mp3" server="ftp.pphlinz.at//mm-ms/" local="128128957770312500" remote="130536978000000000" />
<file name="s_109.mp3" server="ftp.pphlinz.at//mm-ms/" local="128128957773593750" remote="130536978000000000" />
<file name="s_110.mp3" server="ftp.pphlinz.at//mm-ms/" local="128128957776875000" remote="130536978000000000" />
<file name="s_111.mp3" server="ftp.pphlinz.at//mm-ms/" local="127795032000000000" remote="130536978000000000" />
<file name="s_112.mp3" server="ftp.pphlinz.at//mm-ms/" local="127795032000000000" remote="130536978000000000" />
<file name="s_113.mp3" server="ftp.pphlinz.at//mm-ms/" local="128114452113750000" remote="130536978000000000" />
<file name="s_114.mp3" server="ftp.pphlinz.at//mm-ms/" local="127795032000000000" remote="130536978000000000" />
<file name="s_115.mp3" server="ftp.pphlinz.at//mm-ms/" local="128114488338593750" remote="130536978000000000" />
<file name="s_116.mp3" server="ftp.pphlinz.at//mm-ms/" local="127795032000000000" remote="130536978000000000" />
<file name="s_117.mp3" server="ftp.pphlinz.at//mm-ms/" local="128114474869375000" remote="130536978000000000" />
<file name="s_118.mp3" server="ftp.pphlinz.at//mm-ms/" local="128114454808750000" remote="130536978000000000" />
<file name="s_119.mp3" server="ftp.pphlinz.at//mm-ms/" local="128114461181250000" remote="130536978000000000" />
<file name="s_120.mp3" server="ftp.pphlinz.at//mm-ms/" local="128114488340781250" remote="130536978000000000" />
<file name="s_121.mp3" server="ftp.pphlinz.at//mm-ms/" local="128114459506718750" remote="130536978000000000" />
<file name="s_122.mp3" server="ftp.pphlinz.at//mm-ms/" local="128114454810937500" remote="130536978000000000" />
<file name="s_123.mp3" server="ftp.pphlinz.at//mm-ms/" local="127795032000000000" remote="130536978000000000" />
<file name="s_124.mp3" server="ftp.pphlinz.at//mm-ms/" local="127795032000000000" remote="130536978000000000" />
<file name="s_125.mp3" server="ftp.pphlinz.at//mm-ms/" local="127795032000000000" remote="130536978000000000" />
<file name="s_126.mp3" server="ftp.pphlinz.at//mm-ms/" local="128114454813125000" remote="130536978000000000" />
<file name="s_128.mp3" server="ftp.pphlinz.at//mm-ms/" local="127795032000000000" remote="130536978000000000" />
<file name="s_13.mp3" server="ftp.pphlinz.at//mm-ms/" local="127795032000000000" remote="130536978000000000" />
<file name="s_167.mp3" server="ftp.pphlinz.at//mm-ms/" local="128114459504531250" remote="130536978000000000" />
<file name="s_172.mp3" server="ftp.pphlinz.at//mm-ms/" local="127795032000000000" remote="130536978000000000" />
<file name="s_176.mp3" server="ftp.pphlinz.at//mm-ms/" local="127795032000000000" remote="130536978000000000" />
<file name="s_180.mp3" server="ftp.pphlinz.at//mm-ms/" local="127795032000000000" remote="130536978000000000" />
<file name="s_223.mp3" server="ftp.pphlinz.at//mm-ms/" local="127795032000000000" remote="130536978000000000" />
<file name="s_228.mp3" server="ftp.pphlinz.at//mm-ms/" local="128114459500156250" remote="130536978000000000" />
<file name="s_246.mp3" server="ftp.pphlinz.at//mm-ms/" local="128114459502343750" remote="130536978000000000" />
<file name="s_252.mp3" server="ftp.pphlinz.at//mm-ms/" local="128114461179062500" remote="130536978000000000" />
<file name="s_32.mp3" server="ftp.pphlinz.at//mm-ms/" local="127795032000000000" remote="130536978000000000" />
<file name="s_33.mp3" server="ftp.pphlinz.at//mm-ms/" local="127795032000000000" remote="130536978000000000" />
<file name="s_34.mp3" server="ftp.pphlinz.at//mm-ms/" local="127795032000000000" remote="130536978000000000" />
<file name="s_35.mp3" server="ftp.pphlinz.at//mm-ms/" local="127795032000000000" remote="130536978000000000" />
<file name="s_36.mp3" server="ftp.pphlinz.at//mm-ms/" local="127795032000000000" remote="130536978000000000" />
<file name="s_37.mp3" server="ftp.pphlinz.at//mm-ms/" local="127795032000000000" remote="130536978000000000" />
<file name="s_38.mp3" server="ftp.pphlinz.at//mm-ms/" local="127795032000000000" remote="130536978000000000" />
<file name="s_39.mp3" server="ftp.pphlinz.at//mm-ms/" local="127795032000000000" remote="130536978000000000" />
<file name="s_40.mp3" server="ftp.pphlinz.at//mm-ms/" local="127795032000000000" remote="130536978000000000" />
<file name="s_41.mp3" server="ftp.pphlinz.at//mm-ms/" local="127795032000000000" remote="130536978000000000" />
<file name="s_42.mp3" server="ftp.pphlinz.at//mm-ms/" local="127795032000000000" remote="130536978000000000" />
<file name="s_43.mp3" server="ftp.pphlinz.at//mm-ms/" local="127795032000000000" remote="130536978000000000" />
<file name="s_44.mp3" server="ftp.pphlinz.at//mm-ms/" local="127795032000000000" remote="130536978000000000" />
<file name="s_45.mp3" server="ftp.pphlinz.at//mm-ms/" local="127795032000000000" remote="130536978000000000" />
<file name="s_46.mp3" server="ftp.pphlinz.at//mm-ms/" local="127795032000000000" remote="130536978000000000" />
<file name="s_47.mp3" server="ftp.pphlinz.at//mm-ms/" local="127795032000000000" remote="130536978000000000" />
<file name="s_48.mp3" server="ftp.pphlinz.at//mm-ms/" local="127795032000000000" remote="130536978000000000" />
<file name="s_49.mp3" server="ftp.pphlinz.at//mm-ms/" local="127795032000000000" remote="130536978000000000" />
<file name="s_50.mp3" server="ftp.pphlinz.at//mm-ms/" local="127795032000000000" remote="130536978000000000" />
<file name="s_51.mp3" server="ftp.pphlinz.at//mm-ms/" local="127795032000000000" remote="130536978000000000" />
<file name="s_52.mp3" server="ftp.pphlinz.at//mm-ms/" local="127795032000000000" remote="130536978000000000" />
<file name="s_53.mp3" server="ftp.pphlinz.at//mm-ms/" local="127795032000000000" remote="130536978000000000" />
<file name="s_54.mp3" server="ftp.pphlinz.at//mm-ms/" local="127795032000000000" remote="130536978000000000" />
<file name="s_55.mp3" server="ftp.pphlinz.at//mm-ms/" local="127795032000000000" remote="130536978000000000" />
<file name="s_56.mp3" server="ftp.pphlinz.at//mm-ms/" local="127795032000000000" remote="130536978000000000" />
<file name="s_57.mp3" server="ftp.pphlinz.at//mm-ms/" local="127795032000000000" remote="130536978000000000" />
<file name="s_58.mp3" server="ftp.pphlinz.at//mm-ms/" local="127795032000000000" remote="130536978000000000" />
<file name="s_59.mp3" server="ftp.pphlinz.at//mm-ms/" local="127795032000000000" remote="130536978000000000" />
<file name="s_60.mp3" server="ftp.pphlinz.at//mm-ms/" local="127795032000000000" remote="130536978000000000" />
<file name="s_61.mp3" server="ftp.pphlinz.at//mm-ms/" local="127795032000000000" remote="130536978000000000" />
<file name="s_62.mp3" server="ftp.pphlinz.at//mm-ms/" local="127795032000000000" remote="130536978000000000" />
<file name="s_63.mp3" server="ftp.pphlinz.at//mm-ms/" local="127795032000000000" remote="130536978000000000" />
<file name="s_64.mp3" server="ftp.pphlinz.at//mm-ms/" local="127795032000000000" remote="130536978000000000" />
<file name="s_8.mp3" server="ftp.pphlinz.at//mm-ms/" local="128114504250312500" remote="130536978000000000" />
<file name="s_8364.mp3" server="ftp.pphlinz.at//mm-ms/" local="127795032000000000" remote="130536978000000000" />
<file name="s_9.mp3" server="ftp.pphlinz.at//mm-ms/" local="127795032000000000" remote="130536978000000000" />
<file name="s_91.mp3" server="ftp.pphlinz.at//mm-ms/" local="127795032000000000" remote="130536978000000000" />
<file name="s_92.mp3" server="ftp.pphlinz.at//mm-ms/" local="127795032000000000" remote="130536978000000000" />
<file name="s_93.mp3" server="ftp.pphlinz.at//mm-ms/" local="127795032000000000" remote="130536978000000000" />
<file name="s_94.mp3" server="ftp.pphlinz.at//mm-ms/" local="127795032000000000" remote="130536978000000000" />
<file name="s_95.mp3" server="ftp.pphlinz.at//mm-ms/" local="127795032000000000" remote="130536978000000000" />
<file name="s_96.mp3" server="ftp.pphlinz.at//mm-ms/" local="128114448501875000" remote="130536978000000000" />
<file name="s_97.mp3" server="ftp.pphlinz.at//mm-ms/" local="128114452115937500" remote="130536978000000000" />
<file name="s_98.mp3" server="ftp.pphlinz.at//mm-ms/" local="127795032000000000" remote="130536978000000000" />
<file name="s_99.mp3" server="ftp.pphlinz.at//mm-ms/" local="127795032000000000" remote="130536978000000000" />
<file name="test_4_0_128.mp3" server="ftp.pphlinz.at//mm-ms/" local="127558329126406250" remote="130536978000000000" />
<file name="w_aaepfel.mp3" server="ftp.pphlinz.at//mm-ms/" local="129567740391867268" remote="130536978000000000" />
<file name="w_absatz.mp3" server="ftp.pphlinz.at//mm-ms/" local="129567740391457245" remote="130536978000000000" />
<file name="w_Aegypten.mp3" server="ftp.pphlinz.at//mm-ms/" local="127795032000000000" remote="130536978000000000" />
<file name="w_aepfel.mp3" server="ftp.pphlinz.at//mm-ms/" local="127795032000000000" remote="130536978000000000" />
<file name="w_aermel.mp3" server="ftp.pphlinz.at//mm-ms/" local="128114439081093750" remote="130536978000000000" />
<file name="w_affe.mp3" server="ftp.pphlinz.at//mm-ms/" local="127795032000000000" remote="130536978000000000" />
<file name="w_Apfel.mp3" server="ftp.pphlinz.at//mm-ms/" local="127795032000000000" remote="130536978000000000" />
<file name="w_aquarium.mp3" server="ftp.pphlinz.at//mm-ms/" local="128114427723750000" remote="130536978000000000" />
<file name="w_auto.mp3" server="ftp.pphlinz.at//mm-ms/" local="129567740392477303" remote="130536978000000000" />
<file name="w_baum.mp3" server="ftp.pphlinz.at//mm-ms/" local="127795032000000000" remote="130536978000000000" />
<file name="w_bbindestrich.mp3" server="ftp.pphlinz.at//mm-ms/" local="129567740392897327" remote="130536978000000000" />
<file name="w_Bindestrich.mp3" server="ftp.pphlinz.at//mm-ms/" local="127795032000000000" remote="130536978000000000" />
<file name="w_blume.mp3" server="ftp.pphlinz.at//mm-ms/" local="128114435076562500" remote="130536978000000000" />
<file name="w_Buesche.mp3" server="ftp.pphlinz.at//mm-ms/" local="127795032000000000" remote="130536978000000000" />
<file name="w_bus.mp3" server="ftp.pphlinz.at//mm-ms/" local="129567740393297350" remote="130536978000000000" />
<file name="w_busche.mp3" server="ftp.pphlinz.at//mm-ms/" local="127795032000000000" remote="130536978000000000" />
<file name="w_cclown.mp3" server="ftp.pphlinz.at//mm-ms/" local="129567740394457416" remote="130536978000000000" />
<file name="w_cigel.mp3" server="ftp.pphlinz.at//mm-ms/" local="128114437171562500" remote="130536978000000000" />
<file name="w_clown.mp3" server="ftp.pphlinz.at//mm-ms/" local="127795032000000000" remote="130536978000000000" />
<file name="w_Computer.mp3" server="ftp.pphlinz.at//mm-ms/" local="127795032000000000" remote="130536978000000000" />
<file name="w_couch.mp3" server="ftp.pphlinz.at//mm-ms/" local="128114434589062500" remote="130536978000000000" />
<file name="w_cqualle.mp3" server="ftp.pphlinz.at//mm-ms/" local="128114432644531250" remote="130536978000000000" />
<file name="w_cxylophon.mp3" server="ftp.pphlinz.at//mm-ms/" local="128114434257500000" remote="130536978000000000" />
<file name="w_dart.mp3" server="ftp.pphlinz.at//mm-ms/" local="129567740396417529" remote="130536978000000000" />
<file name="w_dill.mp3" server="ftp.pphlinz.at//mm-ms/" local="128114428704218750" remote="130536978000000000" />
<file name="w_dino.mp3" server="ftp.pphlinz.at//mm-ms/" local="127795032000000000" remote="130536978000000000" />
<file name="w_Dotterblume.mp3" server="ftp.pphlinz.at//mm-ms/" local="127795032000000000" remote="130536978000000000" />
<file name="w_Drachen.mp3" server="ftp.pphlinz.at//mm-ms/" local="127795032000000000" remote="130536978000000000" />
<file name="w_eis.mp3" server="ftp.pphlinz.at//mm-ms/" local="129567740397937615" remote="130536978000000000" />
<file name="w_Ente.mp3" server="ftp.pphlinz.at//mm-ms/" local="127795032000000000" remote="130536978000000000" />
<file name="w_essig.mp3" server="ftp.pphlinz.at//mm-ms/" local="128114433091250000" remote="130536978000000000" />
<file name="w_fisch.mp3" server="ftp.pphlinz.at//mm-ms/" local="128114431931093750" remote="130536978000000000" />
<file name="w_flagge.mp3" server="ftp.pphlinz.at//mm-ms/" local="129567740398857668" remote="130536978000000000" />
<file name="w_Frosch.mp3" server="ftp.pphlinz.at//mm-ms/" local="127795032000000000" remote="130536978000000000" />
<file name="w_geld.mp3" server="ftp.pphlinz.at//mm-ms/" local="129567740399847725" remote="130536978000000000" />
<file name="w_glocke.mp3" server="ftp.pphlinz.at//mm-ms/" local="127795032000000000" remote="130536978000000000" />
<file name="w_graete.mp3" server="ftp.pphlinz.at//mm-ms/" local="128114432229843750" remote="130536978000000000" />
<file name="w_Gras.mp3" server="ftp.pphlinz.at//mm-ms/" local="127795032000000000" remote="130536978000000000" />
<file name="w_gurke.mp3" server="ftp.pphlinz.at//mm-ms/" local="127795032000000000" remote="130536978000000000" />
<file name="w_helm.mp3" server="ftp.pphlinz.at//mm-ms/" local="129567740400647770" remote="130536978000000000" />
<file name="w_hexe.mp3" server="ftp.pphlinz.at//mm-ms/" local="127795032000000000" remote="130536978000000000" />
<file name="w_huette.mp3" server="ftp.pphlinz.at//mm-ms/" local="128114436455781250" remote="130536978000000000" />
<file name="w_Hut.mp3" server="ftp.pphlinz.at//mm-ms/" local="127795032000000000" remote="130536978000000000" />
<file name="w_igel.mp3" server="ftp.pphlinz.at//mm-ms/" local="128103416981406250" remote="130536978000000000" />
<file name="w_insekt.mp3" server="ftp.pphlinz.at//mm-ms/" local="129567740401517820" remote="130536978000000000" />
<file name="w_Insel.mp3" server="ftp.pphlinz.at//mm-ms/" local="127795032000000000" remote="130536978000000000" />
<file name="w_jacke.mp3" server="ftp.pphlinz.at//mm-ms/" local="127795032000000000" remote="130536978000000000" />
<file name="w_jause.mp3" server="ftp.pphlinz.at//mm-ms/" local="128114436191875000" remote="130536978000000000" />
<file name="w_Jeep.mp3" server="ftp.pphlinz.at//mm-ms/" local="127795032000000000" remote="130536978000000000" />
<file name="w_jjacke.mp3" server="ftp.pphlinz.at//mm-ms/" local="129567740402207860" remote="130536978000000000" />
<file name="w_Kaenguruh.mp3" server="ftp.pphlinz.at//mm-ms/" local="128103416976093750" remote="130536978000000000" />
<file name="w_kanguruh.mp3" server="ftp.pphlinz.at//mm-ms/" local="127795032000000000" remote="130536978000000000" />
<file name="w_kkomma.mp3" server="ftp.pphlinz.at//mm-ms/" local="129567740405198031" remote="130536978000000000" />
<file name="w_koffer.mp3" server="ftp.pphlinz.at//mm-ms/" local="128114435887500000" remote="130536978000000000" />
<file name="w_Komma.mp3" server="ftp.pphlinz.at//mm-ms/" local="127795032000000000" remote="130536978000000000" />
<file name="w_kuerbis.mp3" server="ftp.pphlinz.at//mm-ms/" local="129567740405638056" remote="130536978000000000" />
<file name="w_lampe.mp3" server="ftp.pphlinz.at//mm-ms/" local="129567740406338096" remote="130536978000000000" />
<file name="w_Loewe.mp3" server="ftp.pphlinz.at//mm-ms/" local="127795032000000000" remote="130536978000000000" />
<file name="w_lokomotive.mp3" server="ftp.pphlinz.at//mm-ms/" local="128114435543750000" remote="130536978000000000" />
<file name="w_lowe.mp3" server="ftp.pphlinz.at//mm-ms/" local="127795032000000000" remote="130536978000000000" />
<file name="w_mai.mp3" server="ftp.pphlinz.at//mm-ms/" local="127795032000000000" remote="130536978000000000" />
<file name="w_mappe.mp3" server="ftp.pphlinz.at//mm-ms/" local="129567740407258149" remote="130536978000000000" />
<file name="w_marmor.mp3" server="ftp.pphlinz.at//mm-ms/" local="128114439311875000" remote="130536978000000000" />
<file name="w_mozartportrait.mp3" server="ftp.pphlinz.at//mm-ms/" local="128114438585000000" remote="130536978000000000" />
<file name="w_Mundharmonika.mp3" server="ftp.pphlinz.at//mm-ms/" local="127795032000000000" remote="130536978000000000" />
<file name="w_nagel.mp3" server="ftp.pphlinz.at//mm-ms/" local="128117950039687500" remote="130536978000000000" />
<file name="w_nashorn.mp3" server="ftp.pphlinz.at//mm-ms/" local="127795032000000000" remote="130536978000000000" />
<file name="w_nixe.mp3" server="ftp.pphlinz.at//mm-ms/" local="129567740408468218" remote="130536978000000000" />
<file name="w_Notenheft.mp3" server="ftp.pphlinz.at//mm-ms/" local="127795032000000000" remote="130536978000000000" />
<file name="w_Oefen.mp3" server="ftp.pphlinz.at//mm-ms/" local="127795032000000000" remote="130536978000000000" />
<file name="w_oelfass.mp3" server="ftp.pphlinz.at//mm-ms/" local="129567740409638285" remote="130536978000000000" />
<file name="w_Oellampe.mp3" server="ftp.pphlinz.at//mm-ms/" local="127795032000000000" remote="130536978000000000" />
<file name="w_oesterreich.mp3" server="ftp.pphlinz.at//mm-ms/" local="128114435346406250" remote="130536978000000000" />
<file name="w_ofen.mp3" server="ftp.pphlinz.at//mm-ms/" local="128114436906250000" remote="130536978000000000" />
<file name="w_Oldtimer.mp3" server="ftp.pphlinz.at//mm-ms/" local="127795032000000000" remote="130536978000000000" />
<file name="w_ollampe.mp3" server="ftp.pphlinz.at//mm-ms/" local="127795032000000000" remote="130536978000000000" />
<file name="w_oper.mp3" server="ftp.pphlinz.at//mm-ms/" local="127795032000000000" remote="130536978000000000" />
<file name="w_Opernhaus.mp3" server="ftp.pphlinz.at//mm-ms/" local="128103416965625000" remote="130536978000000000" />
<file name="w_orchidee.mp3" server="ftp.pphlinz.at//mm-ms/" local="129567740410398328" remote="130536978000000000" />
<file name="w_Papagei.mp3" server="ftp.pphlinz.at//mm-ms/" local="127795032000000000" remote="130536978000000000" />
<file name="w_paprika.mp3" server="ftp.pphlinz.at//mm-ms/" local="129567740410988362" remote="130536978000000000" />
<file name="w_postkarte.mp3" server="ftp.pphlinz.at//mm-ms/" local="128114436667343750" remote="130536978000000000" />
<file name="w_ppunkt.mp3" server="ftp.pphlinz.at//mm-ms/" local="129567740411688402" remote="130536978000000000" />
<file name="w_Punkt.mp3" server="ftp.pphlinz.at//mm-ms/" local="128103416970468750" remote="130536978000000000" />
<file name="w_quadrat.mp3" server="ftp.pphlinz.at//mm-ms/" local="129567740412428444" remote="130536978000000000" />
<file name="w_Qualitaetsapfel.mp3" server="ftp.pphlinz.at//mm-ms/" local="127795032000000000" remote="130536978000000000" />
<file name="w_qualitatsapfel.mp3" server="ftp.pphlinz.at//mm-ms/" local="127795032000000000" remote="130536978000000000" />
<file name="w_Qualle.mp3" server="ftp.pphlinz.at//mm-ms/" local="127795032000000000" remote="130536978000000000" />
<file name="w_quasten.mp3" server="ftp.pphlinz.at//mm-ms/" local="128114451197031250" remote="130536978000000000" />
<file name="w_Raupe.mp3" server="ftp.pphlinz.at//mm-ms/" local="127795032000000000" remote="130536978000000000" />
<file name="w_regenwurm.mp3" server="ftp.pphlinz.at//mm-ms/" local="127795032000000000" remote="130536978000000000" />
<file name="w_reis.mp3" server="ftp.pphlinz.at//mm-ms/" local="128114433324375000" remote="130536978000000000" />
<file name="w_Riese.mp3" server="ftp.pphlinz.at//mm-ms/" local="127795032000000000" remote="130536978000000000" />
<file name="w_rock.mp3" server="ftp.pphlinz.at//mm-ms/" local="129567740412858469" remote="130536978000000000" />
<file name="w_Ruderboot.mp3" server="ftp.pphlinz.at//mm-ms/" local="127795032000000000" remote="130536978000000000" />
<file name="w_See.mp3" server="ftp.pphlinz.at//mm-ms/" local="127795032000000000" remote="130536978000000000" />
<file name="w_seehund.mp3" server="ftp.pphlinz.at//mm-ms/" local="127795032000000000" remote="130536978000000000" />
<file name="w_socke.mp3" server="ftp.pphlinz.at//mm-ms/" local="129567740415698631" remote="130536978000000000" />
<file name="w_suppe.mp3" server="ftp.pphlinz.at//mm-ms/" local="128114428413437500" remote="130536978000000000" />
<file name="w_Tanne.mp3" server="ftp.pphlinz.at//mm-ms/" local="127795032000000000" remote="130536978000000000" />
<file name="w_tasche.mp3" server="ftp.pphlinz.at//mm-ms/" local="129567740416668687" remote="130536978600000000" />
<file name="w_tomate.mp3" server="ftp.pphlinz.at//mm-ms/" local="128114433606718750" remote="130536978600000000" />
<file name="w_tshirt.mp3" server="ftp.pphlinz.at//mm-ms/" local="127795032000000000" remote="130536978600000000" />
<file name="w_Tshirt2.mp3" server="ftp.pphlinz.at//mm-ms/" local="127795032000000000" remote="130536978600000000" />
<file name="w_Ueberhol.mp3" server="ftp.pphlinz.at//mm-ms/" local="127795032000000000" remote="130536978600000000" />
<file name="w_Ueberraschung.mp3" server="ftp.pphlinz.at//mm-ms/" local="127795032000000000" remote="130536978600000000" />
<file name="w_ueberrock.mp3" server="ftp.pphlinz.at//mm-ms/" local="128114438820625000" remote="130536978600000000" />
<file name="w_ufo.mp3" server="ftp.pphlinz.at//mm-ms/" local="129567740417788751" remote="130536978600000000" />
<file name="w_Uhr.mp3" server="ftp.pphlinz.at//mm-ms/" local="127795032000000000" remote="130536978600000000" />
<file name="w_urkunde.mp3" server="ftp.pphlinz.at//mm-ms/" local="128114437964687500" remote="130536978600000000" />
<file name="w_uueberraschung.mp3" server="ftp.pphlinz.at//mm-ms/" local="129567740417538737" remote="130536978600000000" />
<file name="w_vase.mp3" server="ftp.pphlinz.at//mm-ms/" local="128114434838437500" remote="130536978600000000" />
<file name="w_Villa.mp3" server="ftp.pphlinz.at//mm-ms/" local="127795032000000000" remote="130536978600000000" />
<file name="w_Vogel.mp3" server="ftp.pphlinz.at//mm-ms/" local="127795032000000000" remote="130536978600000000" />
<file name="w_vvogel.mp3" server="ftp.pphlinz.at//mm-ms/" local="129567740419058824" remote="130536978600000000" />
<file name="w_wein.mp3" server="ftp.pphlinz.at//mm-ms/" local="128114432876406250" remote="130536978600000000" />
<file name="w_welle.mp3" server="ftp.pphlinz.at//mm-ms/" local="129567740419318838" remote="130536978600000000" />
<file name="w_Wolke.mp3" server="ftp.pphlinz.at//mm-ms/" local="127795032000000000" remote="130536978600000000" />
<file name="w_xform.mp3" server="ftp.pphlinz.at//mm-ms/" local="127795032000000000" remote="130536978600000000" />
<file name="w_xxylophon.mp3" server="ftp.pphlinz.at//mm-ms/" local="129567740419958875" remote="130536978600000000" />
<file name="w_Xylophon.mp3" server="ftp.pphlinz.at//mm-ms/" local="127795032000000000" remote="130536978600000000" />
<file name="w_Yacht.mp3" server="ftp.pphlinz.at//mm-ms/" local="127795032000000000" remote="130536978600000000" />
<file name="w_Yak.mp3" server="ftp.pphlinz.at//mm-ms/" local="127795032000000000" remote="130536978600000000" />
<file name="w_yen.mp3" server="ftp.pphlinz.at//mm-ms/" local="129567740420238891" remote="130536978600000000" />
<file name="w_yoghurt.mp3" server="ftp.pphlinz.at//mm-ms/" local="128122443330156250" remote="130536978600000000" />
<file name="w_yoyo.mp3" server="ftp.pphlinz.at//mm-ms/" local="127795032000000000" remote="130536978600000000" />
<file name="w_ypsilon.mp3" server="ftp.pphlinz.at//mm-ms/" local="128114433938593750" remote="130536978600000000" />
<file name="w_zeppelin.mp3" server="ftp.pphlinz.at//mm-ms/" local="128122444357031250" remote="130536978600000000" />
<file name="w_zug.mp3" server="ftp.pphlinz.at//mm-ms/" local="129567740420808924" remote="130536978600000000" />
<file name="w_Zweig.mp3" server="ftp.pphlinz.at//mm-ms/" local="127795032000000000" remote="130536978600000000" />
<file name="w_Zwerg.mp3" server="ftp.pphlinz.at//mm-ms/" local="127795032000000000" remote="130536978600000000" />
<file name="xxxs_101.mp3" server="ftp.pphlinz.at//mm-ms/" local="127795032000000000" remote="130536978600000000" />
</dwsync>